"Simulation","Method","Method_type","B","MSE_mean","MSE_sd","MSE_min","MSE_max","ARI_mean","ARI_sd","ARI_min","ARI_max","NMI_mean","NMI_sd","NMI_min","NMI_max","Input_used_current_B20","MSE_rank_all9","ARI_rank_all9","NMI_rank_all9","MSE_rank_baseline","ARI_rank_baseline","NMI_rank_baseline"
"simulation1","T-MDSP","Algorithm",20,0.00643747958442422,3.58951742134332e-05,0.0063914700267341,0.00651926225137391,0.911900101403998,0.0832165078459488,0.645006002314766,0.947151640029397,0.914954339390185,0.0418514492161019,0.782299773047915,0.937420818222467,"rho_true (Simulation1 observed_full equals rho_true)",1,1,1,NA,NA,NA
"simulation1","CROT","Baseline",20,0.0183272817771549,2.8817046718104e-05,0.0182811589489516,0.0183791296802707,0.893174598814651,0.0183964438192893,0.847748317543804,0.925584423791749,0.901794961172095,0.0104454329162361,0.876207297973312,0.919223806784025,"rho_true (Simulation1 observed_full equals rho_true)",8,2,2,7,1,1
"simulation1","kNN","Baseline",20,0.0147367471359528,2.11427059214301e-05,0.0147048920635988,0.0147751938685612,0.88327364037465,0.0142152440196062,0.847748317543804,0.906454069880767,0.89488204067898,0.0098661355257877,0.876207297973312,0.912307949143328,"rho_true (Simulation1 observed_full equals rho_true)",4,3,3,3,2,2
"simulation1","Cluster-HMM","Baseline",20,0.0150117476663901,2.18724603516222e-05,0.014979582276071,0.0150522694662987,0.877841831693476,0.012122150107762,0.847748317543804,0.897779425512694,0.891432469194616,0.00864047836846476,0.876207297973312,0.907321011741203,"rho_true (Simulation1 observed_full equals rho_true)",5,4,5,4,3,4
"simulation1","BB-EB","Baseline",20,0.0150154233409932,2.03111042845986e-05,0.0149852627042434,0.015054112252819,0.877447279999546,0.012354754458184,0.847748317543804,0.897779425512694,0.891223018456331,0.00885607971201405,0.876207297973312,0.907321011741203,"rho_true (Simulation1 observed_full equals rho_true)",6,5,6,5,4,5
"simulation1","MeanFill","Baseline",20,0.0150331294374574,2.17111623023013e-05,0.015001289728453,0.0150741792429702,0.877447033960488,0.0119738440951613,0.847748317543804,0.897779425512694,0.890807149205921,0.00848494555465519,0.876207297973312,0.907321011741203,"rho_true (Simulation1 observed_full equals rho_true)",7,6,7,6,5,6
"simulation1","Context-GBM","Baseline",20,0.0141541049066709,0.00010130757162097,0.0139412012252376,0.0143014813941008,0.875081826339534,0.0124459124693637,0.854608561571569,0.893662318190319,0.894406339334228,0.00631298022573892,0.884338849252834,0.905034521910205,"rho_true (Simulation1 observed_full equals rho_true)",2,7,4,1,6,3
"simulation1","ZOIB-LCM","Baseline",20,0.0141925477692206,3.88471823536255e-05,0.0141369535426525,0.0142616605993293,0.873123125091228,0.0127164314627514,0.845906040973949,0.889643783866788,0.887580513681545,0.00790918004034905,0.872304412756654,0.902612196468778,"rho_true (Simulation1 observed_full equals rho_true)",3,8,8,2,7,7
"simulation1","SoftImpute","Baseline",20,0.0290074968945404,2.51577314908761e-05,0.0289465241888913,0.0290533054223978,0.857034938521084,0.0189420539778563,0.825069015834877,0.890801664051339,0.877561323667696,0.010584054643887,0.859983117065029,0.892047654255911,"rho_true (Simulation1 observed_full equals rho_true)",9,9,9,8,8,8
