"cell_id","truth","cluster"
"LG_ACCPU_Plate1-1-K11-A1","C1_innate_immune",1
"LG_ACCPU_Plate1-1-K11-A13","C4_fibro_perivascular",2
"LG_ACCPU_Plate1-1-K11-A14","C2_T_B_lymphoid",4
"LG_ACCPU_Plate1-1-K11-A2","C4_fibro_perivascular",2
"LG_ACCPU_Plate1-1-K11-B1","C2_T_B_lymphoid",4
"LG_ACCPU_Plate1-1-K11-B13","C3_endothelial",3
"LG_ACCPU_Plate1-1-K11-B14","C0_Epi_alveolar",5
"LG_ACCPU_Plate1-1-K11-C1","C3_endothelial",3
"LG_ACCPU_Plate1-1-K11-C13",NA,3
"LG_ACCPU_Plate1-1-K11-C14",NA,3
"LG_ACCPU_Plate1-1-K11-C2","C1_innate_immune",1
"LG_ACCPU_Plate1-1-K11-D1","C1_innate_immune",1
"LG_ACCPU_Plate1-1-K11-D13","C3_endothelial",3
"LG_ACCPU_Plate1-1-K11-D14","C0_Epi_alveolar",5
"LG_ACCPU_Plate1-1-K11-D2","C0_Epi_alveolar",5
"LG_ACCPU_Plate1-1-K11-E1","C2_T_B_lymphoid",4
"LG_ACCPU_Plate1-1-K11-E13","C0_Epi_alveolar",5
"LG_ACCPU_Plate1-1-K11-E14","C0_Epi_alveolar",5
"LG_ACCPU_Plate1-1-K11-E2","C1_innate_immune",1
"LG_ACCPU_Plate1-1-K11-F1","C2_T_B_lymphoid",4
"LG_ACCPU_Plate1-1-K11-F13","C1_innate_immune",1
"LG_ACCPU_Plate1-1-K11-F14","C1_innate_immune",1
"LG_ACCPU_Plate1-1-K11-F2","C0_Epi_alveolar",5
"LG_ACCPU_Plate1-1-K11-G1",NA,5
"LG_ACCPU_Plate1-1-K11-G13","C4_fibro_perivascular",2
"LG_ACCPU_Plate1-1-K11-G14","C4_fibro_perivascular",2
"LG_ACCPU_Plate1-1-K11-H1",NA,1
"LG_ACCPU_Plate1-1-K11-H13","C2_T_B_lymphoid",4
"LG_ACCPU_Plate1-1-K11-H14","C1_innate_immune",1
"LG_ACCPU_Plate1-1-K11-H2","C0_Epi_alveolar",5
"LG_ACCPU_Plate1-1-K11-I1","C2_T_B_lymphoid",4
"LG_ACCPU_Plate1-1-K11-I13","C1_innate_immune",1
"LG_ACCPU_Plate1-1-K11-I14","C0_Epi_alveolar",5
"LG_ACCPU_Plate1-1-K11-I2","C0_Epi_alveolar",5
"LG_ACCPU_Plate1-1-K11-J1","C0_Epi_alveolar",5
"LG_ACCPU_Plate1-1-K11-J13","C2_T_B_lymphoid",4
"LG_ACCPU_Plate1-1-K11-J14","C0_Epi_alveolar",5
"LG_ACCPU_Plate1-1-K11-J2","C3_endothelial",3
"LG_ACCPU_Plate1-1-K11-K1","C0_Epi_alveolar",5
"LG_ACCPU_Plate1-1-K11-K14",NA,3
"LG_ACCPU_Plate1-1-K11-K2","C0_Epi_alveolar",5
"LG_ACCPU_Plate1-1-K11-L1","C1_innate_immune",1
"LG_ACCPU_Plate1-1-K11-L13","C0_Epi_alveolar",5
"LG_ACCPU_Plate1-1-K11-L2","C2_T_B_lymphoid",4
"LG_ACCPU_Plate1-1-K11-M1","C0_Epi_alveolar",5
"LG_ACCPU_Plate1-1-K11-M13",NA,3
"LG_ACCPU_Plate1-1-K11-M14","C2_T_B_lymphoid",4
"LG_ACCPU_Plate1-1-K11-M2","C1_innate_immune",1
"LG_ACCPU_Plate1-1-K11-N1","C4_fibro_perivascular",2
"LG_ACCPU_Plate1-1-K11-N13",NA,1
"LG_ACCPU_Plate1-1-K11-N2",NA,5
"LG_ACCPU_Plate1-1-K11-O1","C3_endothelial",3
"LG_ACCPU_Plate1-1-K11-O13","C4_fibro_perivascular",2
"LG_ACCPU_Plate1-1-K11-O2","C4_fibro_perivascular",2
"LG_ACCPU_Plate1-1-K11-P13",NA,5
"LG_ACCPU_Plate1-1-K11-P14","C3_endothelial",3
"LG_ACCPU_Plate1-2-K11-A15","C3_endothelial",3
"LG_ACCPU_Plate1-2-K11-A16","C0_Epi_alveolar",5
"LG_ACCPU_Plate1-2-K11-A3","C1_innate_immune",1
"LG_ACCPU_Plate1-2-K11-A4",NA,5
"LG_ACCPU_Plate1-2-K11-B15",NA,3
"LG_ACCPU_Plate1-2-K11-B16","C1_innate_immune",1
"LG_ACCPU_Plate1-2-K11-B3","C4_fibro_perivascular",2
"LG_ACCPU_Plate1-2-K11-B4",NA,5
"LG_ACCPU_Plate1-2-K11-C15","C3_endothelial",3
"LG_ACCPU_Plate1-2-K11-C16","C4_fibro_perivascular",2
"LG_ACCPU_Plate1-2-K11-C3","C1_innate_immune",1
"LG_ACCPU_Plate1-2-K11-C4",NA,5
"LG_ACCPU_Plate1-2-K11-D15",NA,5
"LG_ACCPU_Plate1-2-K11-D16","C4_fibro_perivascular",2
"LG_ACCPU_Plate1-2-K11-D3","C1_innate_immune",1
"LG_ACCPU_Plate1-2-K11-E15","C0_Epi_alveolar",5
"LG_ACCPU_Plate1-2-K11-E16","C2_T_B_lymphoid",4
"LG_ACCPU_Plate1-2-K11-E3","C4_fibro_perivascular",2
"LG_ACCPU_Plate1-2-K11-E4","C0_Epi_alveolar",5
"LG_ACCPU_Plate1-2-K11-F15","C0_Epi_alveolar",5
"LG_ACCPU_Plate1-2-K11-F16","C1_innate_immune",1
"LG_ACCPU_Plate1-2-K11-G15","C0_Epi_alveolar",5
"LG_ACCPU_Plate1-2-K11-G16","C3_endothelial",1
"LG_ACCPU_Plate1-2-K11-G3","C0_Epi_alveolar",5
"LG_ACCPU_Plate1-2-K11-G4","C0_Epi_alveolar",5
"LG_ACCPU_Plate1-2-K11-H15","C0_Epi_alveolar",5
"LG_ACCPU_Plate1-2-K11-H16",NA,3
"LG_ACCPU_Plate1-2-K11-H3","C0_Epi_alveolar",5
"LG_ACCPU_Plate1-2-K11-I15","C3_endothelial",3
"LG_ACCPU_Plate1-2-K11-I16","C0_Epi_alveolar",5
"LG_ACCPU_Plate1-2-K11-I3","C0_Epi_alveolar",3
"LG_ACCPU_Plate1-2-K11-I4","C3_endothelial",3
"LG_ACCPU_Plate1-2-K11-J15","C4_fibro_perivascular",2
"LG_ACCPU_Plate1-2-K11-J4","C3_endothelial",3
"LG_ACCPU_Plate1-2-K11-K15","C0_Epi_alveolar",5
"LG_ACCPU_Plate1-2-K11-K16","C1_innate_immune",1
"LG_ACCPU_Plate1-2-K11-K3","C1_innate_immune",1
"LG_ACCPU_Plate1-2-K11-K4","C3_endothelial",3
"LG_ACCPU_Plate1-2-K11-L15",NA,5
"LG_ACCPU_Plate1-2-K11-L16","C0_Epi_alveolar",5
"LG_ACCPU_Plate1-2-K11-L3","C3_endothelial",3
"LG_ACCPU_Plate1-2-K11-M15","C0_Epi_alveolar",5
"LG_ACCPU_Plate1-2-K11-M16","C3_endothelial",3
"LG_ACCPU_Plate1-2-K11-M4","C1_innate_immune",1
"LG_ACCPU_Plate1-2-K11-N15","C2_T_B_lymphoid",4
"LG_ACCPU_Plate1-2-K11-N16","C0_Epi_alveolar",5
"LG_ACCPU_Plate1-2-K11-N4","C2_T_B_lymphoid",4
"LG_ACCPU_Plate1-2-K11-O16","C0_Epi_alveolar",5
"LG_ACCPU_Plate1-2-K11-O3","C0_Epi_alveolar",5
"LG_ACCPU_Plate1-2-K11-O4","C3_endothelial",3
"LG_ACCPU_Plate1-2-K11-P15","C0_Epi_alveolar",5
"LG_ACCPU_Plate1-2-K11-P16","C1_innate_immune",1
"LG_ACCPU_Plate1-2-K11-P3","C0_Epi_alveolar",5
"LG_ACCPU_Plate1-2-K11-P4",NA,5
"LG_ACCPU_Plate1-3-K11-A17","C1_innate_immune",1
"LG_ACCPU_Plate1-3-K11-A18","C4_fibro_perivascular",2
"LG_ACCPU_Plate1-3-K11-A5","C0_Epi_alveolar",5
"LG_ACCPU_Plate1-3-K11-A6","C1_innate_immune",1
"LG_ACCPU_Plate1-3-K11-B17","C2_T_B_lymphoid",4
"LG_ACCPU_Plate1-3-K11-B18","C0_Epi_alveolar",5
"LG_ACCPU_Plate1-3-K11-B5","C1_innate_immune",1
"LG_ACCPU_Plate1-3-K11-B6","C1_innate_immune",1
"LG_ACCPU_Plate1-3-K11-C17","C1_innate_immune",1
"LG_ACCPU_Plate1-3-K11-C18",NA,5
"LG_ACCPU_Plate1-3-K11-C5","C3_endothelial",1
"LG_ACCPU_Plate1-3-K11-C6","C1_innate_immune",1
"LG_ACCPU_Plate1-3-K11-D17","C0_Epi_alveolar",5
"LG_ACCPU_Plate1-3-K11-D18","C1_innate_immune",1
"LG_ACCPU_Plate1-3-K11-E17","C0_Epi_alveolar",5
"LG_ACCPU_Plate1-3-K11-E18",NA,4
"LG_ACCPU_Plate1-3-K11-E5","C0_Epi_alveolar",5
"LG_ACCPU_Plate1-3-K11-E6","C1_innate_immune",2
"LG_ACCPU_Plate1-3-K11-F17",NA,3
"LG_ACCPU_Plate1-3-K11-F18","C3_endothelial",3
"LG_ACCPU_Plate1-3-K11-F6","C1_innate_immune",1
"LG_ACCPU_Plate1-3-K11-G17","C1_innate_immune",1
"LG_ACCPU_Plate1-3-K11-G18","C2_T_B_lymphoid",4
"LG_ACCPU_Plate1-3-K11-G5","C1_innate_immune",1
"LG_ACCPU_Plate1-3-K11-G6","C1_innate_immune",1
"LG_ACCPU_Plate1-3-K11-H17","C1_innate_immune",1
"LG_ACCPU_Plate1-3-K11-H18",NA,1
"LG_ACCPU_Plate1-3-K11-H5","C2_T_B_lymphoid",4
"LG_ACCPU_Plate1-3-K11-H6","C1_innate_immune",1
"LG_ACCPU_Plate1-3-K11-I18","C2_T_B_lymphoid",4
"LG_ACCPU_Plate1-3-K11-I5","C2_T_B_lymphoid",1
"LG_ACCPU_Plate1-3-K11-I6","C0_Epi_alveolar",5
"LG_ACCPU_Plate1-3-K11-J17",NA,5
"LG_ACCPU_Plate1-3-K11-J18",NA,5
"LG_ACCPU_Plate1-3-K11-J5","C1_innate_immune",1
"LG_ACCPU_Plate1-3-K11-J6","C1_innate_immune",1
"LG_ACCPU_Plate1-3-K11-K17","C1_innate_immune",1
"LG_ACCPU_Plate1-3-K11-K18","C1_innate_immune",1
"LG_ACCPU_Plate1-3-K11-K5","C4_fibro_perivascular",2
"LG_ACCPU_Plate1-3-K11-K6","C3_endothelial",3
"LG_ACCPU_Plate1-3-K11-L17",NA,5
"LG_ACCPU_Plate1-3-K11-L18","C0_Epi_alveolar",5
"LG_ACCPU_Plate1-3-K11-L5","C2_T_B_lymphoid",1
"LG_ACCPU_Plate1-3-K11-L6","C0_Epi_alveolar",5
"LG_ACCPU_Plate1-3-K11-M17","C3_endothelial",3
"LG_ACCPU_Plate1-3-K11-M18","C3_endothelial",3
"LG_ACCPU_Plate1-3-K11-M5","C0_Epi_alveolar",5
"LG_ACCPU_Plate1-3-K11-M6","C1_innate_immune",1
"LG_ACCPU_Plate1-3-K11-N17",NA,5
"LG_ACCPU_Plate1-3-K11-N18","C0_Epi_alveolar",5
"LG_ACCPU_Plate1-3-K11-N5","C1_innate_immune",1
"LG_ACCPU_Plate1-3-K11-N6","C1_innate_immune",1
"LG_ACCPU_Plate1-3-K11-O17","C0_Epi_alveolar",5
"LG_ACCPU_Plate1-3-K11-O18","C2_T_B_lymphoid",4
"LG_ACCPU_Plate1-3-K11-O6","C1_innate_immune",1
"LG_ACCPU_Plate1-3-K11-P17","C0_Epi_alveolar",5
"LG_ACCPU_Plate1-3-K11-P18","C0_Epi_alveolar",5
"LG_ACCPU_Plate1-3-K11-P5","C4_fibro_perivascular",2
"LG_ACCPU_Plate1-3-K11-P6","C1_innate_immune",1
"LG_ACCPU_Plate1-4-K11-A19","C2_T_B_lymphoid",4
"LG_ACCPU_Plate1-4-K11-A20","C0_Epi_alveolar",5
"LG_ACCPU_Plate1-4-K11-A7","C1_innate_immune",1
"LG_ACCPU_Plate1-4-K11-B19","C4_fibro_perivascular",2
"LG_ACCPU_Plate1-4-K11-B20","C0_Epi_alveolar",5
"LG_ACCPU_Plate1-4-K11-B7","C2_T_B_lymphoid",4
"LG_ACCPU_Plate1-4-K11-B8","C2_T_B_lymphoid",4
"LG_ACCPU_Plate1-4-K11-C19","C0_Epi_alveolar",5
"LG_ACCPU_Plate1-4-K11-C20",NA,1
"LG_ACCPU_Plate1-4-K11-C7","C2_T_B_lymphoid",4
"LG_ACCPU_Plate1-4-K11-C8","C0_Epi_alveolar",3
"LG_ACCPU_Plate1-4-K11-D19","C1_innate_immune",1
"LG_ACCPU_Plate1-4-K11-D20","C0_Epi_alveolar",5
"LG_ACCPU_Plate1-4-K11-D7","C2_T_B_lymphoid",4
"LG_ACCPU_Plate1-4-K11-D8","C1_innate_immune",4
"LG_ACCPU_Plate1-4-K11-E19",NA,2
"LG_ACCPU_Plate1-4-K11-E20","C0_Epi_alveolar",5
"LG_ACCPU_Plate1-4-K11-E7","C4_fibro_perivascular",2
"LG_ACCPU_Plate1-4-K11-E8","C1_innate_immune",1
"LG_ACCPU_Plate1-4-K11-F19","C0_Epi_alveolar",5
"LG_ACCPU_Plate1-4-K11-F20","C1_innate_immune",1
"LG_ACCPU_Plate1-4-K11-F7","C4_fibro_perivascular",2
"LG_ACCPU_Plate1-4-K11-F8","C0_Epi_alveolar",5
"LG_ACCPU_Plate1-4-K11-G19","C2_T_B_lymphoid",4
"LG_ACCPU_Plate1-4-K11-G20","C1_innate_immune",1
"LG_ACCPU_Plate1-4-K11-G7","C1_innate_immune",1
"LG_ACCPU_Plate1-4-K11-G8","C0_Epi_alveolar",5
"LG_ACCPU_Plate1-4-K11-H19",NA,1
"LG_ACCPU_Plate1-4-K11-H20","C3_endothelial",3
"LG_ACCPU_Plate1-4-K11-H7","C0_Epi_alveolar",5
"LG_ACCPU_Plate1-4-K11-H8","C1_innate_immune",1
"LG_ACCPU_Plate1-4-K11-I19","C3_endothelial",3
"LG_ACCPU_Plate1-4-K11-I20","C3_endothelial",3
"LG_ACCPU_Plate1-4-K11-I7","C1_innate_immune",1
"LG_ACCPU_Plate1-4-K11-I8","C1_innate_immune",1
"LG_ACCPU_Plate1-4-K11-J19","C2_T_B_lymphoid",4
"LG_ACCPU_Plate1-4-K11-J20","C1_innate_immune",1
"LG_ACCPU_Plate1-4-K11-J7","C2_T_B_lymphoid",4
"LG_ACCPU_Plate1-4-K11-K20",NA,1
"LG_ACCPU_Plate1-4-K11-K7","C0_Epi_alveolar",5
"LG_ACCPU_Plate1-4-K11-K8","C2_T_B_lymphoid",4
"LG_ACCPU_Plate1-4-K11-L19","C0_Epi_alveolar",5
"LG_ACCPU_Plate1-4-K11-L20","C1_innate_immune",1
"LG_ACCPU_Plate1-4-K11-L7","C0_Epi_alveolar",5
"LG_ACCPU_Plate1-4-K11-L8","C2_T_B_lymphoid",4
"LG_ACCPU_Plate1-4-K11-M19","C3_endothelial",3
"LG_ACCPU_Plate1-4-K11-M20","C0_Epi_alveolar",5
"LG_ACCPU_Plate1-4-K11-M8","C1_innate_immune",1
"LG_ACCPU_Plate1-4-K11-N19","C1_innate_immune",1
"LG_ACCPU_Plate1-4-K11-N20",NA,2
"LG_ACCPU_Plate1-4-K11-N7","C1_innate_immune",1
"LG_ACCPU_Plate1-4-K11-N8","C1_innate_immune",1
"LG_ACCPU_Plate1-4-K11-O19","C1_innate_immune",1
"LG_ACCPU_Plate1-4-K11-O20","C3_endothelial",3
"LG_ACCPU_Plate1-4-K11-O7","C0_Epi_alveolar",5
"LG_ACCPU_Plate1-4-K11-O8","C1_innate_immune",1
"LG_ACCPU_Plate1-4-K11-P19","C2_T_B_lymphoid",4
"LG_ACCPU_Plate1-4-K11-P20","C0_Epi_alveolar",5
"LG_ACCPU_Plate1-4-K11-P7",NA,3
"LG_ACCPU_Plate1-4-K11-P8","C3_endothelial",3
"LG_ACCPU_Plate1-5-K11-A10","C1_innate_immune",1
"LG_ACCPU_Plate1-5-K11-A21","C1_innate_immune",1
"LG_ACCPU_Plate1-5-K11-A22","C1_innate_immune",1
"LG_ACCPU_Plate1-5-K11-A9","C4_fibro_perivascular",2
"LG_ACCPU_Plate1-5-K11-B10","C0_Epi_alveolar",5
"LG_ACCPU_Plate1-5-K11-B21","C0_Epi_alveolar",5
"LG_ACCPU_Plate1-5-K11-B22","C2_T_B_lymphoid",4
"LG_ACCPU_Plate1-5-K11-B9","C0_Epi_alveolar",5
"LG_ACCPU_Plate1-5-K11-C10","C4_fibro_perivascular",2
"LG_ACCPU_Plate1-5-K11-C21","C3_endothelial",3
"LG_ACCPU_Plate1-5-K11-C22","C0_Epi_alveolar",5
"LG_ACCPU_Plate1-5-K11-D10",NA,5
"LG_ACCPU_Plate1-5-K11-D21","C1_innate_immune",1
"LG_ACCPU_Plate1-5-K11-D22",NA,3
"LG_ACCPU_Plate1-5-K11-E10","C1_innate_immune",1
"LG_ACCPU_Plate1-5-K11-E21","C0_Epi_alveolar",5
"LG_ACCPU_Plate1-5-K11-E22",NA,3
"LG_ACCPU_Plate1-5-K11-E9","C1_innate_immune",1
"LG_ACCPU_Plate1-5-K11-F10","C1_innate_immune",1
"LG_ACCPU_Plate1-5-K11-F22","C3_endothelial",3
"LG_ACCPU_Plate1-5-K11-F9","C3_endothelial",3
"LG_ACCPU_Plate1-5-K11-G10","C2_T_B_lymphoid",4
"LG_ACCPU_Plate1-5-K11-G21","C0_Epi_alveolar",5
"LG_ACCPU_Plate1-5-K11-G22","C2_T_B_lymphoid",4
"LG_ACCPU_Plate1-5-K11-G9","C2_T_B_lymphoid",4
"LG_ACCPU_Plate1-5-K11-H10","C4_fibro_perivascular",2
"LG_ACCPU_Plate1-5-K11-H21","C2_T_B_lymphoid",4
"LG_ACCPU_Plate1-5-K11-H9","C4_fibro_perivascular",2
"LG_ACCPU_Plate1-5-K11-I10","C1_innate_immune",1
"LG_ACCPU_Plate1-5-K11-I21","C2_T_B_lymphoid",4
"LG_ACCPU_Plate1-5-K11-I22","C4_fibro_perivascular",2
"LG_ACCPU_Plate1-5-K11-I9","C1_innate_immune",1
"LG_ACCPU_Plate1-5-K11-J10","C3_endothelial",3
"LG_ACCPU_Plate1-5-K11-J21","C3_endothelial",3
"LG_ACCPU_Plate1-5-K11-J22","C3_endothelial",3
"LG_ACCPU_Plate1-5-K11-K10","C0_Epi_alveolar",5
"LG_ACCPU_Plate1-5-K11-K22","C3_endothelial",3
"LG_ACCPU_Plate1-5-K11-K9","C0_Epi_alveolar",5
"LG_ACCPU_Plate1-5-K11-L21","C0_Epi_alveolar",5
"LG_ACCPU_Plate1-5-K11-L22","C3_endothelial",3
"LG_ACCPU_Plate1-5-K11-L9","C0_Epi_alveolar",5
"LG_ACCPU_Plate1-5-K11-M21","C3_endothelial",3
"LG_ACCPU_Plate1-5-K11-M22","C3_endothelial",3
"LG_ACCPU_Plate1-5-K11-M9","C0_Epi_alveolar",5
"LG_ACCPU_Plate1-5-K11-N21","C0_Epi_alveolar",5
"LG_ACCPU_Plate1-5-K11-N22","C0_Epi_alveolar",5
"LG_ACCPU_Plate1-5-K11-N9","C0_Epi_alveolar",5
"LG_ACCPU_Plate1-5-K11-O10",NA,5
"LG_ACCPU_Plate1-5-K11-O21",NA,5
"LG_ACCPU_Plate1-5-K11-O22",NA,4
"LG_ACCPU_Plate1-5-K11-O9",NA,1
"LG_ACCPU_Plate1-5-K11-P10","C0_Epi_alveolar",5
"LG_ACCPU_Plate1-5-K11-P21","C0_Epi_alveolar",5
"LG_ACCPU_Plate1-5-K11-P22","C2_T_B_lymphoid",4
"LG_ACCPU_Plate1-5-K11-P9","C4_fibro_perivascular",2
"LG_ACCPU_Plate1-6-K11-A11","C2_T_B_lymphoid",4
"LG_ACCPU_Plate1-6-K11-A12","C3_endothelial",3
"LG_ACCPU_Plate1-6-K11-A23","C1_innate_immune",1
"LG_ACCPU_Plate1-6-K11-B11","C1_innate_immune",1
"LG_ACCPU_Plate1-6-K11-B12","C1_innate_immune",1
"LG_ACCPU_Plate1-6-K11-B23","C3_endothelial",3
"LG_ACCPU_Plate1-6-K11-B24","C0_Epi_alveolar",5
"LG_ACCPU_Plate1-6-K11-C11","C4_fibro_perivascular",2
"LG_ACCPU_Plate1-6-K11-C12","C1_innate_immune",1
"LG_ACCPU_Plate1-6-K11-C23","C1_innate_immune",1
"LG_ACCPU_Plate1-6-K11-D11","C0_Epi_alveolar",5
"LG_ACCPU_Plate1-6-K11-D12","C2_T_B_lymphoid",4
"LG_ACCPU_Plate1-6-K11-D23","C0_Epi_alveolar",5
"LG_ACCPU_Plate1-6-K11-D24","C0_Epi_alveolar",5
"LG_ACCPU_Plate1-6-K11-E11","C2_T_B_lymphoid",4
"LG_ACCPU_Plate1-6-K11-E12",NA,2
"LG_ACCPU_Plate1-6-K11-E23",NA,3
"LG_ACCPU_Plate1-6-K11-E24","C3_endothelial",3
"LG_ACCPU_Plate1-6-K11-F11","C2_T_B_lymphoid",4
"LG_ACCPU_Plate1-6-K11-F12","C2_T_B_lymphoid",4
"LG_ACCPU_Plate1-6-K11-F23","C0_Epi_alveolar",5
"LG_ACCPU_Plate1-6-K11-F24","C3_endothelial",3
"LG_ACCPU_Plate1-6-K11-G11",NA,3
"LG_ACCPU_Plate1-6-K11-G23","C1_innate_immune",1
"LG_ACCPU_Plate1-6-K11-G24","C0_Epi_alveolar",5
"LG_ACCPU_Plate1-6-K11-H11","C4_fibro_perivascular",2
"LG_ACCPU_Plate1-6-K11-H12","C4_fibro_perivascular",2
"LG_ACCPU_Plate1-6-K11-H23",NA,1
"LG_ACCPU_Plate1-6-K11-H24","C0_Epi_alveolar",5
"LG_ACCPU_Plate1-6-K11-I11","C1_innate_immune",1
"LG_ACCPU_Plate1-6-K11-I12","C0_Epi_alveolar",5
"LG_ACCPU_Plate1-6-K11-I23","C3_endothelial",3
"LG_ACCPU_Plate1-6-K11-I24","C3_endothelial",3
"LG_ACCPU_Plate1-6-K11-J11","C0_Epi_alveolar",5
"LG_ACCPU_Plate1-6-K11-J12","C1_innate_immune",1
"LG_ACCPU_Plate1-6-K11-J23","C0_Epi_alveolar",5
"LG_ACCPU_Plate1-6-K11-J24","C2_T_B_lymphoid",4
"LG_ACCPU_Plate1-6-K11-K11","C4_fibro_perivascular",2
"LG_ACCPU_Plate1-6-K11-K12",NA,3
"LG_ACCPU_Plate1-6-K11-K23","C4_fibro_perivascular",2
"LG_ACCPU_Plate1-6-K11-K24","C0_Epi_alveolar",5
"LG_ACCPU_Plate1-6-K11-L11",NA,3
"LG_ACCPU_Plate1-6-K11-L12","C2_T_B_lymphoid",4
"LG_ACCPU_Plate1-6-K11-L23","C4_fibro_perivascular",2
"LG_ACCPU_Plate1-6-K11-M11","C1_innate_immune",1
"LG_ACCPU_Plate1-6-K11-M12","C3_endothelial",3
"LG_ACCPU_Plate1-6-K11-M24","C4_fibro_perivascular",5
"LG_ACCPU_Plate1-6-K11-N11",NA,1
"LG_ACCPU_Plate1-6-K11-N12","C1_innate_immune",1
"LG_ACCPU_Plate1-6-K11-N23","C1_innate_immune",1
"LG_ACCPU_Plate1-6-K11-N24","C0_Epi_alveolar",5
"LG_ACCPU_Plate1-6-K11-O11","C3_endothelial",3
"LG_ACCPU_Plate1-6-K11-O12","C0_Epi_alveolar",5
"LG_ACCPU_Plate1-6-K11-O24",NA,2
"LG_ACCPU_Plate1-6-K11-P11","C0_Epi_alveolar",5
"LG_ACCPU_Plate1-6-K11-P12","C0_Epi_alveolar",5
"LG_ACCPU_Plate1-6-K11-P23",NA,1
"LG_ACCPU_Plate1-6-K11-P24","C0_Epi_alveolar",5
"LG_ACCPU_Plate10-1-L3-A1","C2_T_B_lymphoid",4
"LG_ACCPU_Plate10-1-L3-A13","C0_Epi_alveolar",5
"LG_ACCPU_Plate10-1-L3-A14","C3_endothelial",3
"LG_ACCPU_Plate10-1-L3-A2","C1_innate_immune",1
"LG_ACCPU_Plate10-1-L3-B1","C0_Epi_alveolar",5
"LG_ACCPU_Plate10-1-L3-B13","C0_Epi_alveolar",5
"LG_ACCPU_Plate10-1-L3-B14",NA,4
"LG_ACCPU_Plate10-1-L3-B2","C0_Epi_alveolar",5
"LG_ACCPU_Plate10-1-L3-C1","C0_Epi_alveolar",5
"LG_ACCPU_Plate10-1-L3-C13","C3_endothelial",3
"LG_ACCPU_Plate10-1-L3-C14","C3_endothelial",3
"LG_ACCPU_Plate10-1-L3-C2","C0_Epi_alveolar",5
"LG_ACCPU_Plate10-1-L3-D1","C1_innate_immune",1
"LG_ACCPU_Plate10-1-L3-D13","C2_T_B_lymphoid",4
"LG_ACCPU_Plate10-1-L3-D14","C1_innate_immune",1
"LG_ACCPU_Plate10-1-L3-D2","C3_endothelial",3
"LG_ACCPU_Plate10-1-L3-E1","C0_Epi_alveolar",5
"LG_ACCPU_Plate10-1-L3-E13","C3_endothelial",3
"LG_ACCPU_Plate10-1-L3-E14","C3_endothelial",3
"LG_ACCPU_Plate10-1-L3-E2","C0_Epi_alveolar",5
"LG_ACCPU_Plate10-1-L3-F1",NA,5
"LG_ACCPU_Plate10-1-L3-F13","C3_endothelial",3
"LG_ACCPU_Plate10-1-L3-F14","C2_T_B_lymphoid",4
"LG_ACCPU_Plate10-1-L3-F2","C0_Epi_alveolar",5
"LG_ACCPU_Plate10-1-L3-G1","C4_fibro_perivascular",2
"LG_ACCPU_Plate10-1-L3-G13","C3_endothelial",3
"LG_ACCPU_Plate10-1-L3-G14","C0_Epi_alveolar",5
"LG_ACCPU_Plate10-1-L3-G2","C3_endothelial",3
"LG_ACCPU_Plate10-1-L3-H1","C1_innate_immune",1
"LG_ACCPU_Plate10-1-L3-H13","C1_innate_immune",1
"LG_ACCPU_Plate10-1-L3-H14","C0_Epi_alveolar",5
"LG_ACCPU_Plate10-1-L3-H2","C1_innate_immune",1
"LG_ACCPU_Plate10-1-L3-I1","C1_innate_immune",1
"LG_ACCPU_Plate10-1-L3-I13","C4_fibro_perivascular",2
"LG_ACCPU_Plate10-1-L3-I14","C3_endothelial",3
"LG_ACCPU_Plate10-1-L3-I2","C4_fibro_perivascular",2
"LG_ACCPU_Plate10-1-L3-J1","C1_innate_immune",1
"LG_ACCPU_Plate10-1-L3-J13","C0_Epi_alveolar",5
"LG_ACCPU_Plate10-1-L3-J14","C1_innate_immune",1
"LG_ACCPU_Plate10-1-L3-J2","C0_Epi_alveolar",5
"LG_ACCPU_Plate10-1-L3-K1","C2_T_B_lymphoid",4
"LG_ACCPU_Plate10-1-L3-K13","C1_innate_immune",1
"LG_ACCPU_Plate10-1-L3-K2","C3_endothelial",3
"LG_ACCPU_Plate10-1-L3-L1","C2_T_B_lymphoid",1
"LG_ACCPU_Plate10-1-L3-L13","C2_T_B_lymphoid",4
"LG_ACCPU_Plate10-1-L3-L14","C1_innate_immune",1
"LG_ACCPU_Plate10-1-L3-L2","C0_Epi_alveolar",5
"LG_ACCPU_Plate10-1-L3-M1","C0_Epi_alveolar",5
"LG_ACCPU_Plate10-1-L3-M13","C4_fibro_perivascular",2
"LG_ACCPU_Plate10-1-L3-M14","C0_Epi_alveolar",5
"LG_ACCPU_Plate10-1-L3-M2","C1_innate_immune",1
"LG_ACCPU_Plate10-1-L3-N1","C1_innate_immune",1
"LG_ACCPU_Plate10-1-L3-N13","C4_fibro_perivascular",2
"LG_ACCPU_Plate10-1-L3-N14","C0_Epi_alveolar",5
"LG_ACCPU_Plate10-1-L3-N2","C4_fibro_perivascular",2
"LG_ACCPU_Plate10-1-L3-O1","C1_innate_immune",1
"LG_ACCPU_Plate10-1-L3-O13","C0_Epi_alveolar",5
"LG_ACCPU_Plate10-1-L3-O14","C0_Epi_alveolar",5
"LG_ACCPU_Plate10-1-L3-O2","C0_Epi_alveolar",5
"LG_ACCPU_Plate10-1-L3-P1","C2_T_B_lymphoid",4
"LG_ACCPU_Plate10-1-L3-P13","C1_innate_immune",1
"LG_ACCPU_Plate10-1-L3-P14","C1_innate_immune",1
"LG_ACCPU_Plate10-2-L3-A15","C0_Epi_alveolar",5
"LG_ACCPU_Plate10-2-L3-A16","C1_innate_immune",1
"LG_ACCPU_Plate10-2-L3-A4","C2_T_B_lymphoid",4
"LG_ACCPU_Plate10-2-L3-B15","C0_Epi_alveolar",5
"LG_ACCPU_Plate10-2-L3-B16","C2_T_B_lymphoid",4
"LG_ACCPU_Plate10-2-L3-B3","C1_innate_immune",1
"LG_ACCPU_Plate10-2-L3-B4","C3_endothelial",3
"LG_ACCPU_Plate10-2-L3-C16","C1_innate_immune",1
"LG_ACCPU_Plate10-2-L3-C3","C1_innate_immune",1
"LG_ACCPU_Plate10-2-L3-C4","C1_innate_immune",1
"LG_ACCPU_Plate10-2-L3-D15","C1_innate_immune",1
"LG_ACCPU_Plate10-2-L3-D16","C0_Epi_alveolar",5
"LG_ACCPU_Plate10-2-L3-D3","C0_Epi_alveolar",5
"LG_ACCPU_Plate10-2-L3-D4","C0_Epi_alveolar",5
"LG_ACCPU_Plate10-2-L3-E16","C0_Epi_alveolar",5
"LG_ACCPU_Plate10-2-L3-E3","C1_innate_immune",1
"LG_ACCPU_Plate10-2-L3-E4","C2_T_B_lymphoid",4
"LG_ACCPU_Plate10-2-L3-F15","C0_Epi_alveolar",5
"LG_ACCPU_Plate10-2-L3-F16","C1_innate_immune",1
"LG_ACCPU_Plate10-2-L3-F3","C2_T_B_lymphoid",4
"LG_ACCPU_Plate10-2-L3-F4","C1_innate_immune",1
"LG_ACCPU_Plate10-2-L3-G15","C0_Epi_alveolar",5
"LG_ACCPU_Plate10-2-L3-G16","C1_innate_immune",1
"LG_ACCPU_Plate10-2-L3-G3","C2_T_B_lymphoid",4
"LG_ACCPU_Plate10-2-L3-G4","C0_Epi_alveolar",5
"LG_ACCPU_Plate10-2-L3-H15","C0_Epi_alveolar",5
"LG_ACCPU_Plate10-2-L3-H16","C1_innate_immune",1
"LG_ACCPU_Plate10-2-L3-H3","C0_Epi_alveolar",5
"LG_ACCPU_Plate10-2-L3-H4","C1_innate_immune",1
"LG_ACCPU_Plate10-2-L3-I15","C1_innate_immune",1
"LG_ACCPU_Plate10-2-L3-I16","C4_fibro_perivascular",2
"LG_ACCPU_Plate10-2-L3-I3","C4_fibro_perivascular",1
"LG_ACCPU_Plate10-2-L3-I4","C0_Epi_alveolar",5
"LG_ACCPU_Plate10-2-L3-J15","C1_innate_immune",1
"LG_ACCPU_Plate10-2-L3-J16","C2_T_B_lymphoid",4
"LG_ACCPU_Plate10-2-L3-J3","C0_Epi_alveolar",5
"LG_ACCPU_Plate10-2-L3-J4","C0_Epi_alveolar",5
"LG_ACCPU_Plate10-2-L3-K16","C2_T_B_lymphoid",4
"LG_ACCPU_Plate10-2-L3-K3","C2_T_B_lymphoid",4
"LG_ACCPU_Plate10-2-L3-L15","C1_innate_immune",1
"LG_ACCPU_Plate10-2-L3-L16","C3_endothelial",3
"LG_ACCPU_Plate10-2-L3-L3","C4_fibro_perivascular",2
"LG_ACCPU_Plate10-2-L3-L4","C3_endothelial",3
"LG_ACCPU_Plate10-2-L3-M16","C2_T_B_lymphoid",4
"LG_ACCPU_Plate10-2-L3-M3","C4_fibro_perivascular",2
"LG_ACCPU_Plate10-2-L3-M4","C2_T_B_lymphoid",4
"LG_ACCPU_Plate10-2-L3-N15","C1_innate_immune",1
"LG_ACCPU_Plate10-2-L3-N16","C0_Epi_alveolar",5
"LG_ACCPU_Plate10-2-L3-N3","C2_T_B_lymphoid",4
"LG_ACCPU_Plate10-2-L3-N4","C1_innate_immune",1
"LG_ACCPU_Plate10-2-L3-O16","C1_innate_immune",1
"LG_ACCPU_Plate10-2-L3-O3","C4_fibro_perivascular",2
"LG_ACCPU_Plate10-2-L3-O4","C1_innate_immune",1
"LG_ACCPU_Plate10-2-L3-P16","C3_endothelial",3
"LG_ACCPU_Plate10-2-L3-P3","C0_Epi_alveolar",5
"LG_ACCPU_Plate10-2-L3-P4","C2_T_B_lymphoid",4
"LG_ACCPU_Plate10-3-L3-A17","C2_T_B_lymphoid",4
"LG_ACCPU_Plate10-3-L3-A18","C3_endothelial",3
"LG_ACCPU_Plate10-3-L3-A5","C2_T_B_lymphoid",4
"LG_ACCPU_Plate10-3-L3-A6","C2_T_B_lymphoid",4
"LG_ACCPU_Plate10-3-L3-B17","C0_Epi_alveolar",5
"LG_ACCPU_Plate10-3-L3-B18","C0_Epi_alveolar",5
"LG_ACCPU_Plate10-3-L3-B5","C0_Epi_alveolar",5
"LG_ACCPU_Plate10-3-L3-B6","C1_innate_immune",1
"LG_ACCPU_Plate10-3-L3-C17","C1_innate_immune",1
"LG_ACCPU_Plate10-3-L3-C18","C0_Epi_alveolar",5
"LG_ACCPU_Plate10-3-L3-C5","C2_T_B_lymphoid",4
"LG_ACCPU_Plate10-3-L3-C6","C0_Epi_alveolar",5
"LG_ACCPU_Plate10-3-L3-D17","C3_endothelial",3
"LG_ACCPU_Plate10-3-L3-D18","C0_Epi_alveolar",5
"LG_ACCPU_Plate10-3-L3-D5","C0_Epi_alveolar",5
"LG_ACCPU_Plate10-3-L3-D6","C3_endothelial",3
"LG_ACCPU_Plate10-3-L3-E17","C1_innate_immune",1
"LG_ACCPU_Plate10-3-L3-E18","C0_Epi_alveolar",5
"LG_ACCPU_Plate10-3-L3-E5","C2_T_B_lymphoid",4
"LG_ACCPU_Plate10-3-L3-E6","C3_endothelial",2
"LG_ACCPU_Plate10-3-L3-F17","C0_Epi_alveolar",5
"LG_ACCPU_Plate10-3-L3-F18","C2_T_B_lymphoid",4
"LG_ACCPU_Plate10-3-L3-F5","C3_endothelial",3
"LG_ACCPU_Plate10-3-L3-F6","C4_fibro_perivascular",2
"LG_ACCPU_Plate10-3-L3-G17","C1_innate_immune",1
"LG_ACCPU_Plate10-3-L3-G18","C0_Epi_alveolar",5
"LG_ACCPU_Plate10-3-L3-G5","C2_T_B_lymphoid",4
"LG_ACCPU_Plate10-3-L3-G6","C3_endothelial",3
"LG_ACCPU_Plate10-3-L3-H17",NA,3
"LG_ACCPU_Plate10-3-L3-H18","C0_Epi_alveolar",5
"LG_ACCPU_Plate10-3-L3-H5",NA,5
"LG_ACCPU_Plate10-3-L3-H6","C2_T_B_lymphoid",4
"LG_ACCPU_Plate10-3-L3-I18","C3_endothelial",3
"LG_ACCPU_Plate10-3-L3-I5","C1_innate_immune",1
"LG_ACCPU_Plate10-3-L3-I6","C1_innate_immune",1
"LG_ACCPU_Plate10-3-L3-J17","C0_Epi_alveolar",5
"LG_ACCPU_Plate10-3-L3-J18","C4_fibro_perivascular",2
"LG_ACCPU_Plate10-3-L3-J5","C1_innate_immune",1
"LG_ACCPU_Plate10-3-L3-J6","C0_Epi_alveolar",5
"LG_ACCPU_Plate10-3-L3-K17","C2_T_B_lymphoid",4
"LG_ACCPU_Plate10-3-L3-K18","C2_T_B_lymphoid",4
"LG_ACCPU_Plate10-3-L3-K5","C0_Epi_alveolar",5
"LG_ACCPU_Plate10-3-L3-K6","C0_Epi_alveolar",5
"LG_ACCPU_Plate10-3-L3-L17","C3_endothelial",3
"LG_ACCPU_Plate10-3-L3-L18","C2_T_B_lymphoid",4
"LG_ACCPU_Plate10-3-L3-L5","C1_innate_immune",1
"LG_ACCPU_Plate10-3-L3-L6",NA,5
"LG_ACCPU_Plate10-3-L3-M17","C4_fibro_perivascular",2
"LG_ACCPU_Plate10-3-L3-M18","C1_innate_immune",1
"LG_ACCPU_Plate10-3-L3-M5","C2_T_B_lymphoid",4
"LG_ACCPU_Plate10-3-L3-M6","C0_Epi_alveolar",5
"LG_ACCPU_Plate10-3-L3-N17","C4_fibro_perivascular",2
"LG_ACCPU_Plate10-3-L3-N18",NA,1
"LG_ACCPU_Plate10-3-L3-N5","C0_Epi_alveolar",5
"LG_ACCPU_Plate10-3-L3-N6","C0_Epi_alveolar",5
"LG_ACCPU_Plate10-3-L3-O17","C0_Epi_alveolar",5
"LG_ACCPU_Plate10-3-L3-O18","C0_Epi_alveolar",5
"LG_ACCPU_Plate10-3-L3-O5","C2_T_B_lymphoid",4
"LG_ACCPU_Plate10-3-L3-O6","C3_endothelial",3
"LG_ACCPU_Plate10-3-L3-P17","C0_Epi_alveolar",1
"LG_ACCPU_Plate10-3-L3-P18","C1_innate_immune",1
"LG_ACCPU_Plate10-3-L3-P5","C0_Epi_alveolar",5
"LG_ACCPU_Plate10-3-L3-P6","C1_innate_immune",1
"LG_ACCPU_Plate10-4-L3-A19","C3_endothelial",3
"LG_ACCPU_Plate10-4-L3-A20","C2_T_B_lymphoid",1
"LG_ACCPU_Plate10-4-L3-A7",NA,4
"LG_ACCPU_Plate10-4-L3-B19","C0_Epi_alveolar",5
"LG_ACCPU_Plate10-4-L3-B20","C0_Epi_alveolar",5
"LG_ACCPU_Plate10-4-L3-B7","C3_endothelial",3
"LG_ACCPU_Plate10-4-L3-B8","C3_endothelial",3
"LG_ACCPU_Plate10-4-L3-C19","C4_fibro_perivascular",2
"LG_ACCPU_Plate10-4-L3-C20","C1_innate_immune",1
"LG_ACCPU_Plate10-4-L3-C7","C1_innate_immune",1
"LG_ACCPU_Plate10-4-L3-C8","C0_Epi_alveolar",5
"LG_ACCPU_Plate10-4-L3-D19","C1_innate_immune",1
"LG_ACCPU_Plate10-4-L3-D20","C0_Epi_alveolar",5
"LG_ACCPU_Plate10-4-L3-D7","C3_endothelial",3
"LG_ACCPU_Plate10-4-L3-D8","C0_Epi_alveolar",5
"LG_ACCPU_Plate10-4-L3-E19","C1_innate_immune",1
"LG_ACCPU_Plate10-4-L3-E20","C0_Epi_alveolar",5
"LG_ACCPU_Plate10-4-L3-E7","C1_innate_immune",2
"LG_ACCPU_Plate10-4-L3-E8","C3_endothelial",3
"LG_ACCPU_Plate10-4-L3-F19","C2_T_B_lymphoid",4
"LG_ACCPU_Plate10-4-L3-F7","C4_fibro_perivascular",2
"LG_ACCPU_Plate10-4-L3-F8","C0_Epi_alveolar",5
"LG_ACCPU_Plate10-4-L3-G20","C2_T_B_lymphoid",4
"LG_ACCPU_Plate10-4-L3-G7","C0_Epi_alveolar",5
"LG_ACCPU_Plate10-4-L3-G8","C0_Epi_alveolar",5
"LG_ACCPU_Plate10-4-L3-H19","C1_innate_immune",1
"LG_ACCPU_Plate10-4-L3-H20","C3_endothelial",3
"LG_ACCPU_Plate10-4-L3-H7","C1_innate_immune",1
"LG_ACCPU_Plate10-4-L3-H8","C1_innate_immune",1
"LG_ACCPU_Plate10-4-L3-I19","C2_T_B_lymphoid",4
"LG_ACCPU_Plate10-4-L3-I20","C1_innate_immune",1
"LG_ACCPU_Plate10-4-L3-I7","C0_Epi_alveolar",5
"LG_ACCPU_Plate10-4-L3-I8","C3_endothelial",3
"LG_ACCPU_Plate10-4-L3-J19",NA,1
"LG_ACCPU_Plate10-4-L3-J20","C2_T_B_lymphoid",4
"LG_ACCPU_Plate10-4-L3-J7","C4_fibro_perivascular",2
"LG_ACCPU_Plate10-4-L3-J8","C3_endothelial",3
"LG_ACCPU_Plate10-4-L3-K19","C0_Epi_alveolar",5
"LG_ACCPU_Plate10-4-L3-K20","C0_Epi_alveolar",5
"LG_ACCPU_Plate10-4-L3-K7","C1_innate_immune",1
"LG_ACCPU_Plate10-4-L3-K8","C1_innate_immune",1
"LG_ACCPU_Plate10-4-L3-L19","C3_endothelial",3
"LG_ACCPU_Plate10-4-L3-L20","C2_T_B_lymphoid",4
"LG_ACCPU_Plate10-4-L3-L7","C0_Epi_alveolar",5
"LG_ACCPU_Plate10-4-L3-L8","C1_innate_immune",1
"LG_ACCPU_Plate10-4-L3-M19","C3_endothelial",3
"LG_ACCPU_Plate10-4-L3-M20",NA,1
"LG_ACCPU_Plate10-4-L3-M8","C2_T_B_lymphoid",4
"LG_ACCPU_Plate10-4-L3-N19","C0_Epi_alveolar",5
"LG_ACCPU_Plate10-4-L3-N20","C0_Epi_alveolar",5
