"cell_id","merged5"
"M1C_3C_001_Plate1-1-F3-A2","G1_Oligodendrocyte"
"M1C_3C_001_Plate1-1-F3-B1","G1_Oligodendrocyte"
"M1C_3C_001_Plate1-1-F3-B13","G5_minor_support_cells"
"M1C_3C_001_Plate1-1-F3-B14","G2_Excitatory_neuron"
"M1C_3C_001_Plate1-1-F3-B2","G2_Excitatory_neuron"
"M1C_3C_001_Plate1-1-F3-C13","G1_Oligodendrocyte"
"M1C_3C_001_Plate1-1-F3-C14","G3_Inhibitory_neuron"
"M1C_3C_001_Plate1-1-F3-C2","G1_Oligodendrocyte"
"M1C_3C_001_Plate1-1-F3-D1","G2_Excitatory_neuron"
"M1C_3C_001_Plate1-1-F3-D13","G5_minor_support_cells"
"M1C_3C_001_Plate1-1-F3-D14","G2_Excitatory_neuron"
"M1C_3C_001_Plate1-1-F3-D2","G2_Excitatory_neuron"
"M1C_3C_001_Plate1-1-F3-E1","G1_Oligodendrocyte"
"M1C_3C_001_Plate1-1-F3-E13","G1_Oligodendrocyte"
"M1C_3C_001_Plate1-1-F3-E14","G4_Astrocyte"
"M1C_3C_001_Plate1-1-F3-E2","G1_Oligodendrocyte"
"M1C_3C_001_Plate1-1-F3-F13","G5_minor_support_cells"
"M1C_3C_001_Plate1-1-F3-F14","G2_Excitatory_neuron"
"M1C_3C_001_Plate1-1-F3-F2","G5_minor_support_cells"
"M1C_3C_001_Plate1-1-F3-G1","G3_Inhibitory_neuron"
"M1C_3C_001_Plate1-1-F3-G14","G1_Oligodendrocyte"
"M1C_3C_001_Plate1-1-F3-G2","G5_minor_support_cells"
"M1C_3C_001_Plate1-1-F3-H13","G1_Oligodendrocyte"
"M1C_3C_001_Plate1-1-F3-H14","G1_Oligodendrocyte"
"M1C_3C_001_Plate1-1-F3-H2","G1_Oligodendrocyte"
"M1C_3C_001_Plate1-1-F3-J14","G1_Oligodendrocyte"
"M1C_3C_001_Plate1-1-F3-J2","G4_Astrocyte"
"M1C_3C_001_Plate1-1-F3-K2","G1_Oligodendrocyte"
"M1C_3C_001_Plate1-1-F3-L1","G4_Astrocyte"
"M1C_3C_001_Plate1-1-F3-L13","G1_Oligodendrocyte"
"M1C_3C_001_Plate1-1-F3-L14","G3_Inhibitory_neuron"
"M1C_3C_001_Plate1-1-F3-L2","G2_Excitatory_neuron"
"M1C_3C_001_Plate1-1-F3-M1","G4_Astrocyte"
"M1C_3C_001_Plate1-1-F3-M13","G1_Oligodendrocyte"
"M1C_3C_001_Plate1-1-F3-M14","G2_Excitatory_neuron"
"M1C_3C_001_Plate1-1-F3-N1","G3_Inhibitory_neuron"
"M1C_3C_001_Plate1-1-F3-N13","G2_Excitatory_neuron"
"M1C_3C_001_Plate1-1-F3-N14","G2_Excitatory_neuron"
"M1C_3C_001_Plate1-1-F3-N2","G4_Astrocyte"
"M1C_3C_001_Plate1-1-F3-O1","G5_minor_support_cells"
"M1C_3C_001_Plate1-1-F3-O13","G2_Excitatory_neuron"
"M1C_3C_001_Plate1-1-F3-O14","G3_Inhibitory_neuron"
"M1C_3C_001_Plate1-1-F3-O2","G5_minor_support_cells"
"M1C_3C_001_Plate1-1-F3-P1","G2_Excitatory_neuron"
"M1C_3C_001_Plate1-1-F3-P14","G1_Oligodendrocyte"
"M1C_3C_001_Plate1-1-F3-P2","G1_Oligodendrocyte"
"M1C_3C_001_Plate1-2-F8-A15","G3_Inhibitory_neuron"
"M1C_3C_001_Plate1-2-F8-A16","G2_Excitatory_neuron"
"M1C_3C_001_Plate1-2-F8-A3","G2_Excitatory_neuron"
"M1C_3C_001_Plate1-2-F8-A4","G1_Oligodendrocyte"
"M1C_3C_001_Plate1-2-F8-B15","G1_Oligodendrocyte"
"M1C_3C_001_Plate1-2-F8-B16","G1_Oligodendrocyte"
"M1C_3C_001_Plate1-2-F8-B4","G3_Inhibitory_neuron"
"M1C_3C_001_Plate1-2-F8-C15","G2_Excitatory_neuron"
"M1C_3C_001_Plate1-2-F8-C3","G5_minor_support_cells"
"M1C_3C_001_Plate1-2-F8-D16","G1_Oligodendrocyte"
"M1C_3C_001_Plate1-2-F8-D4","G1_Oligodendrocyte"
"M1C_3C_001_Plate1-2-F8-E15","G2_Excitatory_neuron"
"M1C_3C_001_Plate1-2-F8-E16","G1_Oligodendrocyte"
"M1C_3C_001_Plate1-2-F8-E3","G4_Astrocyte"
"M1C_3C_001_Plate1-2-F8-F16","G1_Oligodendrocyte"
"M1C_3C_001_Plate1-2-F8-F3","G2_Excitatory_neuron"
"M1C_3C_001_Plate1-2-F8-F4","G1_Oligodendrocyte"
"M1C_3C_001_Plate1-2-F8-G15","G4_Astrocyte"
"M1C_3C_001_Plate1-2-F8-G16","G4_Astrocyte"
"M1C_3C_001_Plate1-2-F8-G3","G4_Astrocyte"
"M1C_3C_001_Plate1-2-F8-G4","G1_Oligodendrocyte"
"M1C_3C_001_Plate1-2-F8-H16","G1_Oligodendrocyte"
"M1C_3C_001_Plate1-2-F8-H3","G2_Excitatory_neuron"
"M1C_3C_001_Plate1-2-F8-I15","G1_Oligodendrocyte"
"M1C_3C_001_Plate1-2-F8-I4","G1_Oligodendrocyte"
"M1C_3C_001_Plate1-2-F8-J16","G3_Inhibitory_neuron"
"M1C_3C_001_Plate1-2-F8-J4","G1_Oligodendrocyte"
"M1C_3C_001_Plate1-2-F8-K15","G3_Inhibitory_neuron"
"M1C_3C_001_Plate1-2-F8-L15","G5_minor_support_cells"
"M1C_3C_001_Plate1-2-F8-L16","G2_Excitatory_neuron"
"M1C_3C_001_Plate1-2-F8-L4","G2_Excitatory_neuron"
"M1C_3C_001_Plate1-2-F8-M15","G1_Oligodendrocyte"
"M1C_3C_001_Plate1-2-F8-M3","G1_Oligodendrocyte"
"M1C_3C_001_Plate1-2-F8-M4","G5_minor_support_cells"
"M1C_3C_001_Plate1-2-F8-N16","G4_Astrocyte"
"M1C_3C_001_Plate1-2-F8-N3","G5_minor_support_cells"
"M1C_3C_001_Plate1-2-F8-N4","G1_Oligodendrocyte"
"M1C_3C_001_Plate1-2-F8-O15","G3_Inhibitory_neuron"
"M1C_3C_001_Plate1-2-F8-O3","G1_Oligodendrocyte"
"M1C_3C_001_Plate1-2-F8-O4","G2_Excitatory_neuron"
"M1C_3C_001_Plate1-2-F8-P16","G5_minor_support_cells"
"M1C_3C_001_Plate1-2-F8-P3","G1_Oligodendrocyte"
"M1C_3C_001_Plate1-2-F8-P4","G2_Excitatory_neuron"
"M1C_3C_001_Plate1-3-J16-A17","G1_Oligodendrocyte"
"M1C_3C_001_Plate1-3-J16-A18","G4_Astrocyte"
"M1C_3C_001_Plate1-3-J16-A5","G5_minor_support_cells"
"M1C_3C_001_Plate1-3-J16-A6","G1_Oligodendrocyte"
"M1C_3C_001_Plate1-3-J16-B17","G4_Astrocyte"
"M1C_3C_001_Plate1-3-J16-B5","G3_Inhibitory_neuron"
"M1C_3C_001_Plate1-3-J16-B6","G2_Excitatory_neuron"
"M1C_3C_001_Plate1-3-J16-C17","G1_Oligodendrocyte"
"M1C_3C_001_Plate1-3-J16-C5","G4_Astrocyte"
"M1C_3C_001_Plate1-3-J16-C6","G1_Oligodendrocyte"
"M1C_3C_001_Plate1-3-J16-D17","G4_Astrocyte"
"M1C_3C_001_Plate1-3-J16-D18","G5_minor_support_cells"
"M1C_3C_001_Plate1-3-J16-D6","G1_Oligodendrocyte"
"M1C_3C_001_Plate1-3-J16-E18","G1_Oligodendrocyte"
"M1C_3C_001_Plate1-3-J16-E5","G2_Excitatory_neuron"
"M1C_3C_001_Plate1-3-J16-E6","G5_minor_support_cells"
"M1C_3C_001_Plate1-3-J16-F18","G5_minor_support_cells"
"M1C_3C_001_Plate1-3-J16-F6","G1_Oligodendrocyte"
"M1C_3C_001_Plate1-3-J16-G17","G2_Excitatory_neuron"
"M1C_3C_001_Plate1-3-J16-G5","G1_Oligodendrocyte"
"M1C_3C_001_Plate1-3-J16-G6","G1_Oligodendrocyte"
"M1C_3C_001_Plate1-3-J16-H17","G1_Oligodendrocyte"
"M1C_3C_001_Plate1-3-J16-H18","G1_Oligodendrocyte"
"M1C_3C_001_Plate1-3-J16-H5","G4_Astrocyte"
"M1C_3C_001_Plate1-3-J16-H6","G5_minor_support_cells"
"M1C_3C_001_Plate1-3-J16-I17","G2_Excitatory_neuron"
"M1C_3C_001_Plate1-3-J16-I5","G1_Oligodendrocyte"
"M1C_3C_001_Plate1-3-J16-J17","G4_Astrocyte"
"M1C_3C_001_Plate1-3-J16-J18","G1_Oligodendrocyte"
"M1C_3C_001_Plate1-3-J16-J6","G1_Oligodendrocyte"
"M1C_3C_001_Plate1-3-J16-K17","G2_Excitatory_neuron"
"M1C_3C_001_Plate1-3-J16-K18","G1_Oligodendrocyte"
"M1C_3C_001_Plate1-3-J16-K5","G1_Oligodendrocyte"
"M1C_3C_001_Plate1-3-J16-K6","G1_Oligodendrocyte"
"M1C_3C_001_Plate1-3-J16-L17","G1_Oligodendrocyte"
"M1C_3C_001_Plate1-3-J16-L18","G1_Oligodendrocyte"
"M1C_3C_001_Plate1-3-J16-M17","G2_Excitatory_neuron"
"M1C_3C_001_Plate1-3-J16-M5","G4_Astrocyte"
"M1C_3C_001_Plate1-3-J16-M6","G5_minor_support_cells"
"M1C_3C_001_Plate1-3-J16-N17","G1_Oligodendrocyte"
"M1C_3C_001_Plate1-3-J16-N18","G1_Oligodendrocyte"
"M1C_3C_001_Plate1-3-J16-N5","G3_Inhibitory_neuron"
"M1C_3C_001_Plate1-3-J16-N6","G1_Oligodendrocyte"
"M1C_3C_001_Plate1-3-J16-O6","G2_Excitatory_neuron"
"M1C_3C_001_Plate1-3-J16-P18","G1_Oligodendrocyte"
"M1C_3C_001_Plate1-3-J16-P5","G1_Oligodendrocyte"
"M1C_3C_001_Plate1-3-J16-P6","G2_Excitatory_neuron"
"M1C_3C_001_Plate1-4-M16-A19","G3_Inhibitory_neuron"
"M1C_3C_001_Plate1-4-M16-B19","G3_Inhibitory_neuron"
"M1C_3C_001_Plate1-4-M16-B20","G1_Oligodendrocyte"
"M1C_3C_001_Plate1-4-M16-B7","G3_Inhibitory_neuron"
"M1C_3C_001_Plate1-4-M16-B8","G5_minor_support_cells"
"M1C_3C_001_Plate1-4-M16-C19","G1_Oligodendrocyte"
"M1C_3C_001_Plate1-4-M16-C20","G5_minor_support_cells"
"M1C_3C_001_Plate1-4-M16-C7","G5_minor_support_cells"
"M1C_3C_001_Plate1-4-M16-C8","G1_Oligodendrocyte"
"M1C_3C_001_Plate1-4-M16-D19","G1_Oligodendrocyte"
"M1C_3C_001_Plate1-4-M16-D20","G1_Oligodendrocyte"
"M1C_3C_001_Plate1-4-M16-D7","G1_Oligodendrocyte"
"M1C_3C_001_Plate1-4-M16-D8","G2_Excitatory_neuron"
"M1C_3C_001_Plate1-4-M16-E19","G1_Oligodendrocyte"
"M1C_3C_001_Plate1-4-M16-E7","G2_Excitatory_neuron"
"M1C_3C_001_Plate1-4-M16-E8","G4_Astrocyte"
"M1C_3C_001_Plate1-4-M16-F19","G1_Oligodendrocyte"
"M1C_3C_001_Plate1-4-M16-F8","G1_Oligodendrocyte"
"M1C_3C_001_Plate1-4-M16-G19","G1_Oligodendrocyte"
"M1C_3C_001_Plate1-4-M16-G20","G1_Oligodendrocyte"
"M1C_3C_001_Plate1-4-M16-G7","G5_minor_support_cells"
"M1C_3C_001_Plate1-4-M16-H7","G1_Oligodendrocyte"
"M1C_3C_001_Plate1-4-M16-H8","G4_Astrocyte"
"M1C_3C_001_Plate1-4-M16-I19","G5_minor_support_cells"
"M1C_3C_001_Plate1-4-M16-I20","G1_Oligodendrocyte"
"M1C_3C_001_Plate1-4-M16-I7","G5_minor_support_cells"
"M1C_3C_001_Plate1-4-M16-J19","G1_Oligodendrocyte"
"M1C_3C_001_Plate1-4-M16-J20","G1_Oligodendrocyte"
"M1C_3C_001_Plate1-4-M16-J8","G1_Oligodendrocyte"
"M1C_3C_001_Plate1-4-M16-K19","G3_Inhibitory_neuron"
"M1C_3C_001_Plate1-4-M16-K20","G1_Oligodendrocyte"
"M1C_3C_001_Plate1-4-M16-K7","G1_Oligodendrocyte"
"M1C_3C_001_Plate1-4-M16-K8","G1_Oligodendrocyte"
"M1C_3C_001_Plate1-4-M16-L19","G1_Oligodendrocyte"
"M1C_3C_001_Plate1-4-M16-L20","G1_Oligodendrocyte"
"M1C_3C_001_Plate1-4-M16-L7","G4_Astrocyte"
"M1C_3C_001_Plate1-4-M16-L8","G1_Oligodendrocyte"
"M1C_3C_001_Plate1-4-M16-M20","G1_Oligodendrocyte"
"M1C_3C_001_Plate1-4-M16-M7","G1_Oligodendrocyte"
"M1C_3C_001_Plate1-4-M16-M8","G1_Oligodendrocyte"
"M1C_3C_001_Plate1-4-M16-N19","G1_Oligodendrocyte"
"M1C_3C_001_Plate1-4-M16-N20","G1_Oligodendrocyte"
"M1C_3C_001_Plate1-4-M16-N8","G1_Oligodendrocyte"
"M1C_3C_001_Plate1-4-M16-O19","G1_Oligodendrocyte"
"M1C_3C_001_Plate1-4-M16-O7","G2_Excitatory_neuron"
"M1C_3C_001_Plate1-4-M16-P19","G1_Oligodendrocyte"
"M1C_3C_001_Plate1-4-M16-P20","G5_minor_support_cells"
"M1C_3C_001_Plate1-4-M16-P8","G3_Inhibitory_neuron"
"M1C_3C_001_Plate1-5-N9-A10","G2_Excitatory_neuron"
"M1C_3C_001_Plate1-5-N9-A9","G1_Oligodendrocyte"
"M1C_3C_001_Plate1-5-N9-B10","G1_Oligodendrocyte"
"M1C_3C_001_Plate1-5-N9-B22","G1_Oligodendrocyte"
"M1C_3C_001_Plate1-5-N9-B9","G1_Oligodendrocyte"
"M1C_3C_001_Plate1-5-N9-C10","G1_Oligodendrocyte"
"M1C_3C_001_Plate1-5-N9-C21","G5_minor_support_cells"
"M1C_3C_001_Plate1-5-N9-D10","G1_Oligodendrocyte"
"M1C_3C_001_Plate1-5-N9-D22","G1_Oligodendrocyte"
"M1C_3C_001_Plate1-5-N9-D9","G1_Oligodendrocyte"
"M1C_3C_001_Plate1-5-N9-E10","G2_Excitatory_neuron"
"M1C_3C_001_Plate1-5-N9-E21","G4_Astrocyte"
"M1C_3C_001_Plate1-5-N9-E9","G1_Oligodendrocyte"
"M1C_3C_001_Plate1-5-N9-F10","G1_Oligodendrocyte"
"M1C_3C_001_Plate1-5-N9-F21","G1_Oligodendrocyte"
"M1C_3C_001_Plate1-5-N9-F22","G5_minor_support_cells"
"M1C_3C_001_Plate1-5-N9-F9","G3_Inhibitory_neuron"
"M1C_3C_001_Plate1-5-N9-G21","G1_Oligodendrocyte"
"M1C_3C_001_Plate1-5-N9-H10","G1_Oligodendrocyte"
"M1C_3C_001_Plate1-5-N9-H21","G4_Astrocyte"
"M1C_3C_001_Plate1-5-N9-H22","G1_Oligodendrocyte"
"M1C_3C_001_Plate1-5-N9-I21","G1_Oligodendrocyte"
"M1C_3C_001_Plate1-5-N9-I9","G1_Oligodendrocyte"
"M1C_3C_001_Plate1-5-N9-J10","G4_Astrocyte"
"M1C_3C_001_Plate1-5-N9-J21","G2_Excitatory_neuron"
"M1C_3C_001_Plate1-5-N9-J22","G1_Oligodendrocyte"
"M1C_3C_001_Plate1-5-N9-K22","G1_Oligodendrocyte"
"M1C_3C_001_Plate1-5-N9-K9","G1_Oligodendrocyte"
"M1C_3C_001_Plate1-5-N9-L10","G3_Inhibitory_neuron"
"M1C_3C_001_Plate1-5-N9-L22","G5_minor_support_cells"
"M1C_3C_001_Plate1-5-N9-M9","G1_Oligodendrocyte"
"M1C_3C_001_Plate1-5-N9-N10","G2_Excitatory_neuron"
"M1C_3C_001_Plate1-5-N9-N22","G1_Oligodendrocyte"
"M1C_3C_001_Plate1-5-N9-O10","G2_Excitatory_neuron"
"M1C_3C_001_Plate1-5-N9-O22","G1_Oligodendrocyte"
"M1C_3C_001_Plate1-5-N9-O9","G1_Oligodendrocyte"
"M1C_3C_001_Plate1-5-N9-P10","G1_Oligodendrocyte"
"M1C_3C_001_Plate1-5-N9-P22","G3_Inhibitory_neuron"
"M1C_3C_001_Plate1-5-N9-P9","G1_Oligodendrocyte"
"M1C_3C_001_Plate1-6-N18-A24","G1_Oligodendrocyte"
"M1C_3C_001_Plate1-6-N18-B11","G4_Astrocyte"
"M1C_3C_001_Plate1-6-N18-B24","G4_Astrocyte"
"M1C_3C_001_Plate1-6-N18-C23","G5_minor_support_cells"
"M1C_3C_001_Plate1-6-N18-C24","G1_Oligodendrocyte"
"M1C_3C_001_Plate1-6-N18-D12","G3_Inhibitory_neuron"
"M1C_3C_001_Plate1-6-N18-D23","G1_Oligodendrocyte"
"M1C_3C_001_Plate1-6-N18-D24","G1_Oligodendrocyte"
"M1C_3C_001_Plate1-6-N18-E12","G4_Astrocyte"
"M1C_3C_001_Plate1-6-N18-E23","G1_Oligodendrocyte"
"M1C_3C_001_Plate1-6-N18-E24","G1_Oligodendrocyte"
"M1C_3C_001_Plate1-6-N18-F11","G1_Oligodendrocyte"
"M1C_3C_001_Plate1-6-N18-F23","G1_Oligodendrocyte"
"M1C_3C_001_Plate1-6-N18-F24","G1_Oligodendrocyte"
"M1C_3C_001_Plate1-6-N18-G12","G2_Excitatory_neuron"
"M1C_3C_001_Plate1-6-N18-G23","G1_Oligodendrocyte"
"M1C_3C_001_Plate1-6-N18-H11","G5_minor_support_cells"
"M1C_3C_001_Plate1-6-N18-H12","G2_Excitatory_neuron"
"M1C_3C_001_Plate1-6-N18-H24","G1_Oligodendrocyte"
"M1C_3C_001_Plate1-6-N18-I11","G2_Excitatory_neuron"
"M1C_3C_001_Plate1-6-N18-I23","G1_Oligodendrocyte"
"M1C_3C_001_Plate1-6-N18-I24","G1_Oligodendrocyte"
"M1C_3C_001_Plate1-6-N18-J11","G1_Oligodendrocyte"
"M1C_3C_001_Plate1-6-N18-J23","G1_Oligodendrocyte"
"M1C_3C_001_Plate1-6-N18-J24","G1_Oligodendrocyte"
"M1C_3C_001_Plate1-6-N18-K23","G1_Oligodendrocyte"
"M1C_3C_001_Plate1-6-N18-K24","G3_Inhibitory_neuron"
"M1C_3C_001_Plate1-6-N18-L11","G3_Inhibitory_neuron"
"M1C_3C_001_Plate1-6-N18-L12","G2_Excitatory_neuron"
"M1C_3C_001_Plate1-6-N18-L23","G1_Oligodendrocyte"
"M1C_3C_001_Plate1-6-N18-L24","G1_Oligodendrocyte"
"M1C_3C_001_Plate1-6-N18-M11","G1_Oligodendrocyte"
"M1C_3C_001_Plate1-6-N18-M23","G1_Oligodendrocyte"
"M1C_3C_001_Plate1-6-N18-M24","G1_Oligodendrocyte"
"M1C_3C_001_Plate1-6-N18-N12","G4_Astrocyte"
"M1C_3C_001_Plate1-6-N18-N24","G1_Oligodendrocyte"
"M1C_3C_001_Plate1-6-N18-O11","G5_minor_support_cells"
"M1C_3C_001_Plate1-6-N18-O24","G1_Oligodendrocyte"
"M1C_3C_001_Plate1-6-N18-P11","G1_Oligodendrocyte"
"M1C_3C_001_Plate1-6-N18-P12","G1_Oligodendrocyte"
"M1C_3C_001_Plate1-6-N18-P24","G1_Oligodendrocyte"
"M1C_3C_001_Plate2-1-O10-A1","G1_Oligodendrocyte"
"M1C_3C_001_Plate2-1-O10-A14","G5_minor_support_cells"
"M1C_3C_001_Plate2-1-O10-A2","G1_Oligodendrocyte"
"M1C_3C_001_Plate2-1-O10-B1","G4_Astrocyte"
"M1C_3C_001_Plate2-1-O10-B13","G4_Astrocyte"
"M1C_3C_001_Plate2-1-O10-B14","G3_Inhibitory_neuron"
"M1C_3C_001_Plate2-1-O10-B2","G1_Oligodendrocyte"
"M1C_3C_001_Plate2-1-O10-C1","G1_Oligodendrocyte"
"M1C_3C_001_Plate2-1-O10-C13","G2_Excitatory_neuron"
"M1C_3C_001_Plate2-1-O10-C14","G1_Oligodendrocyte"
"M1C_3C_001_Plate2-1-O10-D1","G1_Oligodendrocyte"
"M1C_3C_001_Plate2-1-O10-D13","G3_Inhibitory_neuron"
"M1C_3C_001_Plate2-1-O10-D14","G4_Astrocyte"
"M1C_3C_001_Plate2-1-O10-D2","G5_minor_support_cells"
"M1C_3C_001_Plate2-1-O10-E1","G1_Oligodendrocyte"
"M1C_3C_001_Plate2-1-O10-E13","G1_Oligodendrocyte"
"M1C_3C_001_Plate2-1-O10-E14","G1_Oligodendrocyte"
"M1C_3C_001_Plate2-1-O10-E2","G1_Oligodendrocyte"
"M1C_3C_001_Plate2-1-O10-F13","G1_Oligodendrocyte"
"M1C_3C_001_Plate2-1-O10-F14","G1_Oligodendrocyte"
"M1C_3C_001_Plate2-1-O10-F2","G5_minor_support_cells"
"M1C_3C_001_Plate2-1-O10-G1","G1_Oligodendrocyte"
"M1C_3C_001_Plate2-1-O10-G14","G1_Oligodendrocyte"
"M1C_3C_001_Plate2-1-O10-G2","G5_minor_support_cells"
"M1C_3C_001_Plate2-1-O10-H13","G1_Oligodendrocyte"
"M1C_3C_001_Plate2-1-O10-H14","G1_Oligodendrocyte"
"M1C_3C_001_Plate2-1-O10-H2","G5_minor_support_cells"
"M1C_3C_001_Plate2-1-O10-I1","G1_Oligodendrocyte"
"M1C_3C_001_Plate2-1-O10-I2","G5_minor_support_cells"
"M1C_3C_001_Plate2-1-O10-J14","G5_minor_support_cells"
"M1C_3C_001_Plate2-1-O10-J2","G1_Oligodendrocyte"
"M1C_3C_001_Plate2-1-O10-K2","G1_Oligodendrocyte"
"M1C_3C_001_Plate2-1-O10-L1","G1_Oligodendrocyte"
"M1C_3C_001_Plate2-1-O10-L13","G1_Oligodendrocyte"
"M1C_3C_001_Plate2-1-O10-L14","G2_Excitatory_neuron"
"M1C_3C_001_Plate2-1-O10-L2","G1_Oligodendrocyte"
"M1C_3C_001_Plate2-1-O10-M1","G1_Oligodendrocyte"
"M1C_3C_001_Plate2-1-O10-M13","G4_Astrocyte"
"M1C_3C_001_Plate2-1-O10-M14","G1_Oligodendrocyte"
"M1C_3C_001_Plate2-1-O10-N1","G1_Oligodendrocyte"
"M1C_3C_001_Plate2-1-O10-N13","G4_Astrocyte"
"M1C_3C_001_Plate2-1-O10-N14","G1_Oligodendrocyte"
"M1C_3C_001_Plate2-1-O10-N2","G1_Oligodendrocyte"
"M1C_3C_001_Plate2-1-O10-O1","G1_Oligodendrocyte"
"M1C_3C_001_Plate2-1-O10-O13","G1_Oligodendrocyte"
"M1C_3C_001_Plate2-1-O10-O14","G2_Excitatory_neuron"
"M1C_3C_001_Plate2-1-O10-O2","G1_Oligodendrocyte"
"M1C_3C_001_Plate2-1-O10-P1","G1_Oligodendrocyte"
"M1C_3C_001_Plate2-1-O10-P14","G3_Inhibitory_neuron"
"M1C_3C_001_Plate2-2-P4-A16","G1_Oligodendrocyte"
"M1C_3C_001_Plate2-2-P4-A3","G2_Excitatory_neuron"
"M1C_3C_001_Plate2-2-P4-A4","G1_Oligodendrocyte"
"M1C_3C_001_Plate2-2-P4-B15","G1_Oligodendrocyte"
"M1C_3C_001_Plate2-2-P4-B16","G4_Astrocyte"
"M1C_3C_001_Plate2-2-P4-B3","G1_Oligodendrocyte"
"M1C_3C_001_Plate2-2-P4-B4","G1_Oligodendrocyte"
"M1C_3C_001_Plate2-2-P4-C15","G5_minor_support_cells"
"M1C_3C_001_Plate2-2-P4-C3","G3_Inhibitory_neuron"
"M1C_3C_001_Plate2-2-P4-D16","G5_minor_support_cells"
"M1C_3C_001_Plate2-2-P4-D3","G1_Oligodendrocyte"
"M1C_3C_001_Plate2-2-P4-D4","G1_Oligodendrocyte"
"M1C_3C_001_Plate2-2-P4-E15","G1_Oligodendrocyte"
"M1C_3C_001_Plate2-2-P4-E16","G2_Excitatory_neuron"
"M1C_3C_001_Plate2-2-P4-E3","G1_Oligodendrocyte"
"M1C_3C_001_Plate2-2-P4-E4","G2_Excitatory_neuron"
"M1C_3C_001_Plate2-2-P4-F16","G1_Oligodendrocyte"
"M1C_3C_001_Plate2-2-P4-F3","G3_Inhibitory_neuron"
"M1C_3C_001_Plate2-2-P4-F4","G2_Excitatory_neuron"
"M1C_3C_001_Plate2-2-P4-G15","G1_Oligodendrocyte"
"M1C_3C_001_Plate2-2-P4-G16","G1_Oligodendrocyte"
"M1C_3C_001_Plate2-2-P4-G4","G1_Oligodendrocyte"
"M1C_3C_001_Plate2-2-P4-H16","G3_Inhibitory_neuron"
"M1C_3C_001_Plate2-2-P4-H3","G1_Oligodendrocyte"
"M1C_3C_001_Plate2-2-P4-H4","G1_Oligodendrocyte"
"M1C_3C_001_Plate2-2-P4-I15","G5_minor_support_cells"
"M1C_3C_001_Plate2-2-P4-J16","G4_Astrocyte"
"M1C_3C_001_Plate2-2-P4-J4","G1_Oligodendrocyte"
"M1C_3C_001_Plate2-2-P4-K15","G1_Oligodendrocyte"
"M1C_3C_001_Plate2-2-P4-K16","G4_Astrocyte"
"M1C_3C_001_Plate2-2-P4-L15","G1_Oligodendrocyte"
"M1C_3C_001_Plate2-2-P4-L16","G1_Oligodendrocyte"
"M1C_3C_001_Plate2-2-P4-L4","G1_Oligodendrocyte"
"M1C_3C_001_Plate2-2-P4-M3","G1_Oligodendrocyte"
"M1C_3C_001_Plate2-2-P4-M4","G1_Oligodendrocyte"
"M1C_3C_001_Plate2-2-P4-N16","G1_Oligodendrocyte"
"M1C_3C_001_Plate2-2-P4-N3","G4_Astrocyte"
"M1C_3C_001_Plate2-2-P4-N4","G1_Oligodendrocyte"
"M1C_3C_001_Plate2-2-P4-O15","G1_Oligodendrocyte"
"M1C_3C_001_Plate2-2-P4-O4","G1_Oligodendrocyte"
"M1C_3C_001_Plate2-2-P4-P16","G1_Oligodendrocyte"
"M1C_3C_001_Plate2-2-P4-P3","G4_Astrocyte"
"M1C_3C_001_Plate2-2-P4-P4","G3_Inhibitory_neuron"
"M1C_3C_001_Plate2-3-D19-A17","G2_Excitatory_neuron"
"M1C_3C_001_Plate2-3-D19-A18","G1_Oligodendrocyte"
"M1C_3C_001_Plate2-3-D19-A5","G1_Oligodendrocyte"
"M1C_3C_001_Plate2-3-D19-A6","G1_Oligodendrocyte"
"M1C_3C_001_Plate2-3-D19-B17","G1_Oligodendrocyte"
"M1C_3C_001_Plate2-3-D19-B18","G2_Excitatory_neuron"
"M1C_3C_001_Plate2-3-D19-B5","G1_Oligodendrocyte"
"M1C_3C_001_Plate2-3-D19-B6","G4_Astrocyte"
"M1C_3C_001_Plate2-3-D19-C17","G3_Inhibitory_neuron"
"M1C_3C_001_Plate2-3-D19-C5","G3_Inhibitory_neuron"
"M1C_3C_001_Plate2-3-D19-C6","G1_Oligodendrocyte"
"M1C_3C_001_Plate2-3-D19-D17","G5_minor_support_cells"
"M1C_3C_001_Plate2-3-D19-D18","G4_Astrocyte"
"M1C_3C_001_Plate2-3-D19-D6","G4_Astrocyte"
"M1C_3C_001_Plate2-3-D19-E18","G5_minor_support_cells"
"M1C_3C_001_Plate2-3-D19-E5","G4_Astrocyte"
"M1C_3C_001_Plate2-3-D19-E6","G1_Oligodendrocyte"
"M1C_3C_001_Plate2-3-D19-F17","G3_Inhibitory_neuron"
"M1C_3C_001_Plate2-3-D19-F18","G2_Excitatory_neuron"
"M1C_3C_001_Plate2-3-D19-F6","G1_Oligodendrocyte"
"M1C_3C_001_Plate2-3-D19-G17","G4_Astrocyte"
"M1C_3C_001_Plate2-3-D19-G5","G3_Inhibitory_neuron"
"M1C_3C_001_Plate2-3-D19-G6","G4_Astrocyte"
"M1C_3C_001_Plate2-3-D19-H17","G4_Astrocyte"
"M1C_3C_001_Plate2-3-D19-H18","G5_minor_support_cells"
"M1C_3C_001_Plate2-3-D19-H5","G3_Inhibitory_neuron"
"M1C_3C_001_Plate2-3-D19-H6","G3_Inhibitory_neuron"
"M1C_3C_001_Plate2-3-D19-I17","G1_Oligodendrocyte"
"M1C_3C_001_Plate2-3-D19-I5","G4_Astrocyte"
"M1C_3C_001_Plate2-3-D19-J17","G1_Oligodendrocyte"
"M1C_3C_001_Plate2-3-D19-J18","G4_Astrocyte"
"M1C_3C_001_Plate2-3-D19-J6","G1_Oligodendrocyte"
"M1C_3C_001_Plate2-3-D19-K17","G3_Inhibitory_neuron"
"M1C_3C_001_Plate2-3-D19-K18","G5_minor_support_cells"
"M1C_3C_001_Plate2-3-D19-K5","G3_Inhibitory_neuron"
"M1C_3C_001_Plate2-3-D19-L17","G3_Inhibitory_neuron"
"M1C_3C_001_Plate2-3-D19-L18","G5_minor_support_cells"
"M1C_3C_001_Plate2-3-D19-L6","G3_Inhibitory_neuron"
"M1C_3C_001_Plate2-3-D19-M17","G1_Oligodendrocyte"
"M1C_3C_001_Plate2-3-D19-M5","G5_minor_support_cells"
"M1C_3C_001_Plate2-3-D19-M6","G1_Oligodendrocyte"
"M1C_3C_001_Plate2-3-D19-N17","G4_Astrocyte"
"M1C_3C_001_Plate2-3-D19-N18","G1_Oligodendrocyte"
"M1C_3C_001_Plate2-3-D19-N5","G1_Oligodendrocyte"
"M1C_3C_001_Plate2-3-D19-N6","G1_Oligodendrocyte"
"M1C_3C_001_Plate2-3-D19-O6","G3_Inhibitory_neuron"
"M1C_3C_001_Plate2-3-D19-P17","G5_minor_support_cells"
"M1C_3C_001_Plate2-3-D19-P18","G3_Inhibitory_neuron"
"M1C_3C_001_Plate2-3-D19-P5","G1_Oligodendrocyte"
"M1C_3C_001_Plate2-3-D19-P6","G2_Excitatory_neuron"
"M1C_3C_001_Plate2-4-H24-A19","G5_minor_support_cells"
"M1C_3C_001_Plate2-4-H24-A20","G4_Astrocyte"
"M1C_3C_001_Plate2-4-H24-B19","G1_Oligodendrocyte"
"M1C_3C_001_Plate2-4-H24-B20","G1_Oligodendrocyte"
"M1C_3C_001_Plate2-4-H24-B7","G3_Inhibitory_neuron"
"M1C_3C_001_Plate2-4-H24-B8","G4_Astrocyte"
"M1C_3C_001_Plate2-4-H24-C19","G3_Inhibitory_neuron"
"M1C_3C_001_Plate2-4-H24-C20","G3_Inhibitory_neuron"
"M1C_3C_001_Plate2-4-H24-C7","G1_Oligodendrocyte"
"M1C_3C_001_Plate2-4-H24-C8","G1_Oligodendrocyte"
"M1C_3C_001_Plate2-4-H24-D19","G4_Astrocyte"
"M1C_3C_001_Plate2-4-H24-D20","G1_Oligodendrocyte"
"M1C_3C_001_Plate2-4-H24-D7","G1_Oligodendrocyte"
"M1C_3C_001_Plate2-4-H24-D8","G1_Oligodendrocyte"
"M1C_3C_001_Plate2-4-H24-E19","G1_Oligodendrocyte"
"M1C_3C_001_Plate2-4-H24-E20","G5_minor_support_cells"
"M1C_3C_001_Plate2-4-H24-E7","G2_Excitatory_neuron"
"M1C_3C_001_Plate2-4-H24-F19","G1_Oligodendrocyte"
"M1C_3C_001_Plate2-4-H24-F20","G2_Excitatory_neuron"
"M1C_3C_001_Plate2-4-H24-F8","G3_Inhibitory_neuron"
"M1C_3C_001_Plate2-4-H24-G19","G4_Astrocyte"
"M1C_3C_001_Plate2-4-H24-G20","G3_Inhibitory_neuron"
"M1C_3C_001_Plate2-4-H24-G7","G1_Oligodendrocyte"
"M1C_3C_001_Plate2-4-H24-H19","G4_Astrocyte"
"M1C_3C_001_Plate2-4-H24-H20","G1_Oligodendrocyte"
"M1C_3C_001_Plate2-4-H24-H7","G1_Oligodendrocyte"
"M1C_3C_001_Plate2-4-H24-H8","G5_minor_support_cells"
"M1C_3C_001_Plate2-4-H24-I19","G5_minor_support_cells"
"M1C_3C_001_Plate2-4-H24-I20","G3_Inhibitory_neuron"
"M1C_3C_001_Plate2-4-H24-I7","G1_Oligodendrocyte"
"M1C_3C_001_Plate2-4-H24-J19","G1_Oligodendrocyte"
"M1C_3C_001_Plate2-4-H24-J20","G2_Excitatory_neuron"
"M1C_3C_001_Plate2-4-H24-J8","G3_Inhibitory_neuron"
"M1C_3C_001_Plate2-4-H24-K19","G1_Oligodendrocyte"
"M1C_3C_001_Plate2-4-H24-K20","G1_Oligodendrocyte"
"M1C_3C_001_Plate2-4-H24-K7","G5_minor_support_cells"
"M1C_3C_001_Plate2-4-H24-K8","G1_Oligodendrocyte"
"M1C_3C_001_Plate2-4-H24-L19","G1_Oligodendrocyte"
"M1C_3C_001_Plate2-4-H24-L20","G1_Oligodendrocyte"
"M1C_3C_001_Plate2-4-H24-L7","G4_Astrocyte"
"M1C_3C_001_Plate2-4-H24-L8","G5_minor_support_cells"
"M1C_3C_001_Plate2-4-H24-M20","G1_Oligodendrocyte"
"M1C_3C_001_Plate2-4-H24-M7","G1_Oligodendrocyte"
"M1C_3C_001_Plate2-4-H24-M8","G1_Oligodendrocyte"
"M1C_3C_001_Plate2-4-H24-N19","G1_Oligodendrocyte"
"M1C_3C_001_Plate2-4-H24-N20","G3_Inhibitory_neuron"
"M1C_3C_001_Plate2-4-H24-N8","G1_Oligodendrocyte"
"M1C_3C_001_Plate2-4-H24-O19","G2_Excitatory_neuron"
"M1C_3C_001_Plate2-4-H24-O20","G2_Excitatory_neuron"
"M1C_3C_001_Plate2-4-H24-O7","G5_minor_support_cells"
"M1C_3C_001_Plate2-4-H24-P19","G1_Oligodendrocyte"
"M1C_3C_001_Plate2-4-H24-P20","G5_minor_support_cells"
"M1C_3C_001_Plate2-4-H24-P8","G1_Oligodendrocyte"
"M1C_3C_001_Plate2-5-E15-A10","G2_Excitatory_neuron"
"M1C_3C_001_Plate2-5-E15-B10","G1_Oligodendrocyte"
"M1C_3C_001_Plate2-5-E15-B22","G1_Oligodendrocyte"
"M1C_3C_001_Plate2-5-E15-B9","G1_Oligodendrocyte"
"M1C_3C_001_Plate2-5-E15-C10","G5_minor_support_cells"
"M1C_3C_001_Plate2-5-E15-C21","G2_Excitatory_neuron"
"M1C_3C_001_Plate2-5-E15-D10","G1_Oligodendrocyte"
"M1C_3C_001_Plate2-5-E15-D22","G1_Oligodendrocyte"
"M1C_3C_001_Plate2-5-E15-D9","G3_Inhibitory_neuron"
"M1C_3C_001_Plate2-5-E15-E10","G1_Oligodendrocyte"
"M1C_3C_001_Plate2-5-E15-E21","G2_Excitatory_neuron"
"M1C_3C_001_Plate2-5-E15-E9","G1_Oligodendrocyte"
"M1C_3C_001_Plate2-5-E15-F10","G4_Astrocyte"
"M1C_3C_001_Plate2-5-E15-F21","G5_minor_support_cells"
"M1C_3C_001_Plate2-5-E15-F22","G1_Oligodendrocyte"
"M1C_3C_001_Plate2-5-E15-F9","G5_minor_support_cells"
"M1C_3C_001_Plate2-5-E15-G21","G2_Excitatory_neuron"
"M1C_3C_001_Plate2-5-E15-G9","G5_minor_support_cells"
"M1C_3C_001_Plate2-5-E15-H10","G3_Inhibitory_neuron"
"M1C_3C_001_Plate2-5-E15-H21","G1_Oligodendrocyte"
"M1C_3C_001_Plate2-5-E15-H22","G5_minor_support_cells"
"M1C_3C_001_Plate2-5-E15-I21","G1_Oligodendrocyte"
"M1C_3C_001_Plate2-5-E15-I9","G1_Oligodendrocyte"
"M1C_3C_001_Plate2-5-E15-J10","G1_Oligodendrocyte"
"M1C_3C_001_Plate2-5-E15-J21","G5_minor_support_cells"
"M1C_3C_001_Plate2-5-E15-J22","G1_Oligodendrocyte"
"M1C_3C_001_Plate2-5-E15-K21","G1_Oligodendrocyte"
"M1C_3C_001_Plate2-5-E15-K22","G1_Oligodendrocyte"
"M1C_3C_001_Plate2-5-E15-K9","G1_Oligodendrocyte"
"M1C_3C_001_Plate2-5-E15-L10","G1_Oligodendrocyte"
"M1C_3C_001_Plate2-5-E15-L22","G2_Excitatory_neuron"
"M1C_3C_001_Plate2-5-E15-M22","G5_minor_support_cells"
"M1C_3C_001_Plate2-5-E15-M9","G5_minor_support_cells"
"M1C_3C_001_Plate2-5-E15-N10","G1_Oligodendrocyte"
"M1C_3C_001_Plate2-5-E15-N22","G1_Oligodendrocyte"
"M1C_3C_001_Plate2-5-E15-O10","G2_Excitatory_neuron"
"M1C_3C_001_Plate2-5-E15-O22","G4_Astrocyte"
"M1C_3C_001_Plate2-5-E15-O9","G1_Oligodendrocyte"
"M1C_3C_001_Plate2-5-E15-P10","G5_minor_support_cells"
"M1C_3C_001_Plate2-5-E15-P22","G1_Oligodendrocyte"
"M1C_3C_001_Plate2-5-E15-P9","G1_Oligodendrocyte"
"M1C_3C_001_Plate2-6-L23-A11","G1_Oligodendrocyte"
"M1C_3C_001_Plate2-6-L23-A24","G1_Oligodendrocyte"
"M1C_3C_001_Plate2-6-L23-B11","G1_Oligodendrocyte"
"M1C_3C_001_Plate2-6-L23-B12","G5_minor_support_cells"
"M1C_3C_001_Plate2-6-L23-B24","G3_Inhibitory_neuron"
"M1C_3C_001_Plate2-6-L23-C12","G2_Excitatory_neuron"
"M1C_3C_001_Plate2-6-L23-C23","G1_Oligodendrocyte"
"M1C_3C_001_Plate2-6-L23-C24","G1_Oligodendrocyte"
"M1C_3C_001_Plate2-6-L23-D12","G1_Oligodendrocyte"
"M1C_3C_001_Plate2-6-L23-D23","G1_Oligodendrocyte"
"M1C_3C_001_Plate2-6-L23-D24","G1_Oligodendrocyte"
"M1C_3C_001_Plate2-6-L23-E12","G1_Oligodendrocyte"
"M1C_3C_001_Plate2-6-L23-E23","G1_Oligodendrocyte"
"M1C_3C_001_Plate2-6-L23-E24","G5_minor_support_cells"
"M1C_3C_001_Plate2-6-L23-F11","G1_Oligodendrocyte"
"M1C_3C_001_Plate2-6-L23-F12","G4_Astrocyte"
"M1C_3C_001_Plate2-6-L23-F23","G4_Astrocyte"
"M1C_3C_001_Plate2-6-L23-F24","G1_Oligodendrocyte"
"M1C_3C_001_Plate2-6-L23-G11","G2_Excitatory_neuron"
"M1C_3C_001_Plate2-6-L23-G12","G4_Astrocyte"
"M1C_3C_001_Plate2-6-L23-G23","G1_Oligodendrocyte"
"M1C_3C_001_Plate2-6-L23-H11","G1_Oligodendrocyte"
"M1C_3C_001_Plate2-6-L23-H12","G1_Oligodendrocyte"
"M1C_3C_001_Plate2-6-L23-H23","G1_Oligodendrocyte"
"M1C_3C_001_Plate2-6-L23-H24","G1_Oligodendrocyte"
"M1C_3C_001_Plate2-6-L23-I11","G1_Oligodendrocyte"
"M1C_3C_001_Plate2-6-L23-I23","G1_Oligodendrocyte"
"M1C_3C_001_Plate2-6-L23-I24","G1_Oligodendrocyte"
"M1C_3C_001_Plate2-6-L23-J11","G1_Oligodendrocyte"
"M1C_3C_001_Plate2-6-L23-J12","G1_Oligodendrocyte"
"M1C_3C_001_Plate2-6-L23-J23","G1_Oligodendrocyte"
"M1C_3C_001_Plate2-6-L23-J24","G1_Oligodendrocyte"
"M1C_3C_001_Plate2-6-L23-K23","G1_Oligodendrocyte"
"M1C_3C_001_Plate2-6-L23-K24","G1_Oligodendrocyte"
"M1C_3C_001_Plate2-6-L23-L11","G1_Oligodendrocyte"
"M1C_3C_001_Plate2-6-L23-L12","G1_Oligodendrocyte"
"M1C_3C_001_Plate2-6-L23-L23","G1_Oligodendrocyte"
"M1C_3C_001_Plate2-6-L23-L24","G1_Oligodendrocyte"
"M1C_3C_001_Plate2-6-L23-M11","G3_Inhibitory_neuron"
"M1C_3C_001_Plate2-6-L23-M23","G1_Oligodendrocyte"
"M1C_3C_001_Plate2-6-L23-M24","G1_Oligodendrocyte"
"M1C_3C_001_Plate2-6-L23-N12","G2_Excitatory_neuron"
